{
  "formatVersion": 1,
  "database": {
    "version": 1,
    "identityHash": "bc7684ae2cd592ac0810ef4d900a4ab7",
    "entities": [
      {
        "tableName": "items",
        "createSql": "CREATE TABLE IF NOT EXISTS `${TABLE_NAME}` (`ItemId` INTEGER PRIMARY KEY AUTOINCREMENT NOT NULL, `itemName` TEXT NOT NULL, `price` REAL NOT NULL, `quantity` INTEGER NOT NULL, `imagePath` TEXT, `description` TEXT, `shelf` INTEGER NOT NULL, `aisle` TEXT NOT NULL)",
        "fields": [
          {
            "fieldPath": "id",
            "columnName": "ItemId",
            "affinity": "INTEGER",
            "notNull": true
          },
          {
            "fieldPath": "itemName",
            "columnName": "itemName",
            "affinity": "TEXT",
            "notNull": true
          },
          {
            "fieldPath": "price",
            "columnName": "price",
            "affinity": "REAL",
            "notNull": true
          },
          {
            "fieldPath": "quantity",
            "columnName": "quantity",
            "affinity": "INTEGER",
            "notNull": true
          },
          {
            "fieldPath": "imagePath",
            "columnName": "imagePath",
            "affinity": "TEXT",
            "notNull": false
          },
          {
            "fieldPath": "description",
            "columnName": "description",
            "affinity": "TEXT",
            "notNull": false
          },
          {
            "fieldPath": "shelf",
            "columnName": "shelf",
            "affinity": "INTEGER",
            "notNull": true
          },
          {
            "fieldPath": "aisle",
            "columnName": "aisle",
            "affinity": "TEXT",
            "notNull": true
          }
        ],
        "primaryKey": {
          "autoGenerate": true,
          "columnNames": [
            "ItemId"
          ]
        },
        "indices": [
          {
            "name": "index_items_itemName",
            "unique": false,
            "columnNames": [
              "itemName"
            ],
            "orders": [],
            "createSql": "CREATE INDEX IF NOT EXISTS `index_items_itemName` ON `${TABLE_NAME}` (`itemName`)"
          }
        ],
        "foreignKeys": []
      },
      {
        "tableName": "users",
        "createSql": "CREATE TABLE IF NOT EXISTS `${TABLE_NAME}` (`UserId` INTEGER PRIMARY KEY AUTOINCREMENT NOT NULL, `userName` TEXT NOT NULL, `passwordHash` TEXT NOT NULL, `employeeId` INTEGER NOT NULL, `role` TEXT NOT NULL, `phoneNumber` TEXT NOT NULL)",
        "fields": [
          {
            "fieldPath": "id",
            "columnName": "UserId",
            "affinity": "INTEGER",
            "notNull": true
          },
          {
            "fieldPath": "userName",
            "columnName": "userName",
            "affinity": "TEXT",
            "notNull": true
          },
          {
            "fieldPath": "passwordHash",
            "columnName": "passwordHash",
            "affinity": "TEXT",
            "notNull": true
          },
          {
            "fieldPath": "employeeId",
            "columnName": "employeeId",
            "affinity": "INTEGER",
            "notNull": true
          },
          {
            "fieldPath": "role",
            "columnName": "role",
            "affinity": "TEXT",
            "notNull": true
          },
          {
            "fieldPath": "phoneNumber",
            "columnName": "phoneNumber",
            "affinity": "TEXT",
            "notNull": true
          }
        ],
        "primaryKey": {
          "autoGenerate": true,
          "columnNames": [
            "UserId"
          ]
        },
        "indices": [
          {
            "name": "index_users_userName",
            "unique": true,
            "columnNames": [
              "userName"
            ],
            "orders": [],
            "createSql": "CREATE UNIQUE INDEX IF NOT EXISTS `index_users_userName` ON `${TABLE_NAME}` (`userName`)"
          }
        ],
        "foreignKeys": []
      }
    ],
    "views": [],
    "setupQueries": [
      "CREATE TABLE IF NOT EXISTS room_master_table (id INTEGER PRIMARY KEY,identity_hash TEXT)",
      "INSERT OR REPLACE INTO room_master_table (id,identity_hash) VALUES(42, 'bc7684ae2cd592ac0810ef4d900a4ab7')"
    ]
  }
}