{
  "formatVersion": 1,
  "database": {
    "version": 1,
    "identityHash": "b9987d3db90e7c00a1f4b957458ec978",
    "entities": [
      {
        "tableName": "items",
        "createSql": "CREATE TABLE IF NOT EXISTS `${TABLE_NAME}` (`ItemId` INTEGER PRIMARY KEY AUTOINCREMENT NOT NULL, `itemName` TEXT NOT NULL, `price` REAL NOT NULL, `quantity` INTEGER NOT NULL, `imagePath` TEXT, `description` TEXT, `shelf` INTEGER NOT NULL, `aisle` TEXT NOT NULL)",
        "fields": [
          {
            "fieldPath": "id",
            "columnName": "ItemId",
            "affinity": "INTEGER",
            "notNull": true
          },
          {
            "fieldPath": "itemName",
            "columnName": "itemName",
            "affinity": "TEXT",
            "notNull": true
          },
          {
            "fieldPath": "price",
            "columnName": "price",
            "affinity": "REAL",
            "notNull": true
          },
          {
            "fieldPath": "quantity",
            "columnName": "quantity",
            "affinity": "INTEGER",
            "notNull": true
          },
          {
            "fieldPath": "imagePath",
            "columnName": "imagePath",
            "affinity": "TEXT"
          },
          {
            "fieldPath": "description",
            "columnName": "description",
            "affinity": "TEXT"
          },
          {
            "fieldPath": "shelf",
            "columnName": "shelf",
            "affinity": "INTEGER",
            "notNull": true
          },
          {
            "fieldPath": "aisle",
            "columnName": "aisle",
            "affinity": "TEXT",
            "notNull": true
          }
        ],
        "primaryKey": {
          "autoGenerate": true,
          "columnNames": [
            "ItemId"
          ]
        },
        "indices": [
          {
            "name": "index_items_itemName",
            "unique": false,
            "columnNames": [
              "itemName"
            ],
            "orders": [],
            "createSql": "CREATE INDEX IF NOT EXISTS `index_items_itemName` ON `${TABLE_NAME}` (`itemName`)"
          }
        ]
      }
    ],
    "setupQueries": [
      "CREATE TABLE IF NOT EXISTS room_master_table (id INTEGER PRIMARY KEY,identity_hash TEXT)",
      "INSERT OR REPLACE INTO room_master_table (id,identity_hash) VALUES(42, 'b9987d3db90e7c00a1f4b957458ec978')"
    ]
  }
}